person_id,photo_attribution_link,photo_attribution_text
10581,http://scottishparliament.thirdlight.com/file/35943496226,© Scottish Parliament (SPCL)
11189,http://scottishparliament.thirdlight.com/file/67354912111,© Scottish Parliament (SPCL)
11963,http://scottishparliament.thirdlight.com/file/67978159883,© Scottish Parliament (SPCL)
13947,http://scottishparliament.thirdlight.com/file/77896404998,© Scottish Parliament (SPCL)
13949,http://scottishparliament.thirdlight.com/file/35855660953,© Scottish Parliament (SPCL)
13951,http://scottishparliament.thirdlight.com/file/49246913874,© Scottish Parliament (SPCL)
13956,http://scottishparliament.thirdlight.com/file/56418919750,© Scottish Parliament (SPCL)
13961,http://scottishparliament.thirdlight.com/file/35960260789,© Scottish Parliament (SPCL)
13967,http://scottishparliament.thirdlight.com/file/77896356291,© Scottish Parliament (SPCL)
13968,http://scottishparliament.thirdlight.com/file/36076831535,© Scottish Parliament (SPCL)
13969,http://scottishparliament.thirdlight.com/file/79747041401,© Scottish Parliament (SPCL)
13977,http://scottishparliament.thirdlight.com/file/35820939764,© Scottish Parliament (SPCL)
13980,http://scottishparliament.thirdlight.com/file/35943512647,© Scottish Parliament (SPCL)
13987,http://scottishparliament.thirdlight.com/file/35800493586,© Scottish Parliament (SPCL)
13991,http://scottishparliament.thirdlight.com/file/35800892126,© Scottish Parliament (SPCL)
13994,http://scottishparliament.thirdlight.com/file/77896331574,© Scottish Parliament (SPCL)
14000,http://scottishparliament.thirdlight.com/file/77896344334,© Scottish Parliament (SPCL)
14001,http://scottishparliament.thirdlight.com/file/41869411513,© Scottish Parliament (SPCL)
14006,http://scottishparliament.thirdlight.com/file/35783690519,© Scottish Parliament (SPCL)
14009,http://scottishparliament.thirdlight.com/file/35820938486 ,© Scottish Parliament (SPCL)
14012,http://scottishparliament.thirdlight.com/file/77896366848,© Scottish Parliament (SPCL)
14024,http://scottishparliament.thirdlight.com/file/77896361826,© Scottish Parliament (SPCL)
14029,http://scottishparliament.thirdlight.com/file/9853506741,© Scottish Parliament (SPCL)
14043,http://scottishparliament.thirdlight.com/file/35855660631,© Scottish Parliament (SPCL)
14046,http://scottishparliament.thirdlight.com/file/35855661618,© Scottish Parliament (SPCL)
14056,http://scottishparliament.thirdlight.com/file/35960260890,© Scottish Parliament (SPCL)
14060,http://scottishparliament.thirdlight.com/file/82285442488,© Scottish Parliament (SPCL)
14062,http://scottishparliament.thirdlight.com/file/35960261831,© Scottish Parliament (SPCL)
14085,http://scottishparliament.thirdlight.com/file/35820938944,© Scottish Parliament (SPCL)
14088,http://scottishparliament.thirdlight.com/file/35781781662,© Scottish Parliament (SPCL)
14096,http://scottishparliament.thirdlight.com/file/35818225410,© Scottish Parliament (SPCL)
14100,http://scottishparliament.thirdlight.com/file/35783690940,© Scottish Parliament (SPCL)
14105,http://scottishparliament.thirdlight.com/file/9853640645,© Scottish Parliament (SPCL)
24738,http://scottishparliament.thirdlight.com/file/74284895771,© Scottish Parliament (SPCL)
25072,http://scottishparliament.thirdlight.com/file/35820937738,© Scottish Parliament (SPCL)
25073,http://scottishparliament.thirdlight.com/file/77896326326,© Scottish Parliament (SPCL)
25074,http://scottishparliament.thirdlight.com/file/77896373310,© Scottish Parliament (SPCL)
25076,http://scottishparliament.thirdlight.com/file/73940024512,© Scottish Parliament (SPCL)
25081,http://scottishparliament.thirdlight.com/file/77896376517,© Scottish Parliament (SPCL)
25082,http://scottishparliament.thirdlight.com/file/35942003780,© Scottish Parliament (SPCL)
25085,http://scottishparliament.thirdlight.com/file/77896407998,© Scottish Parliament (SPCL)
25089,http://scottishparliament.thirdlight.com/file/35855660595,© Scottish Parliament (SPCL)
25091,http://scottishparliament.thirdlight.com/file/73436831194,© Scottish Parliament (SPCL)
25095,http://scottishparliament.thirdlight.com/file/77896425314,© Scottish Parliament (SPCL)
25101,http://scottishparliament.thirdlight.com/file/77896328260,© Scottish Parliament (SPCL)
25111,http://scottishparliament.thirdlight.com/file/77896391695,© Scottish Parliament (SPCL)
25114,http://scottishparliament.thirdlight.com/file/35818497490,© Scottish Parliament (SPCL)
25115,http://scottishparliament.thirdlight.com/file/35800414488,© Scottish Parliament (SPCL)
25119,http://scottishparliament.thirdlight.com/file/35922512428 ,© Scottish Parliament (SPCL)
25218,http://scottishparliament.thirdlight.com/file/77896370137,© Scottish Parliament (SPCL)
25293,http://scottishparliament.thirdlight.com/file/67354928689,© Scottish Parliament (SPCL)
25352,http://scottishparliament.thirdlight.com/file/79622724510,© Scottish Parliament (SPCL)
25491,http://scottishparliament.thirdlight.com/file/35783688599,© Scottish Parliament (SPCL)
25492,http://scottishparliament.thirdlight.com/file/77896338928,© Scottish Parliament (SPCL)
25494,http://scottishparliament.thirdlight.com/file/77896363883,© Scottish Parliament (SPCL)
25495,http://scottishparliament.thirdlight.com/file/77896384768,© Scottish Parliament (SPCL)
25497,http://scottishparliament.thirdlight.com/file/77896390475,© Scottish Parliament (SPCL)
25500,http://scottishparliament.thirdlight.com/file/35781571595,© Scottish Parliament (SPCL)
25502,http://scottishparliament.thirdlight.com/file/48760196846,© Scottish Parliament (SPCL)
25503,http://scottishparliament.thirdlight.com/file/35921454674,© Scottish Parliament (SPCL)
25504,http://scottishparliament.thirdlight.com/file/35942002221,© Scottish Parliament (SPCL)
25506,https://scottishparliament.thirdlight.com/file/37911815221,© Scottish Parliament (SPCL)
25507,http://scottishparliament.thirdlight.com/file/35783687661,© Scottish Parliament (SPCL)
25508,http://scottishparliament.thirdlight.com/file/35681770981,© Scottish Parliament (SPCL)
25509,http://scottishparliament.thirdlight.com/file/35783687836,© Scottish Parliament (SPCL)
25510,http://scottishparliament.thirdlight.com/file/77896339432,© Scottish Parliament (SPCL)
25511,http://scottishparliament.thirdlight.com/file/76615399862,© Scottish Parliament (SPCL)
25513,http://scottishparliament.thirdlight.com/file/77896340601,© Scottish Parliament (SPCL)
25514,http://scottishparliament.thirdlight.com/file/35820937956,© Scottish Parliament (SPCL)
25515,http://scottishparliament.thirdlight.com/file/35783687854,© Scottish Parliament (SPCL)
25516,http://scottishparliament.thirdlight.com/file/77896391689,© Scottish Parliament (SPCL)
25517,http://scottishparliament.thirdlight.com/file/35942063441,© Scottish Parliament (SPCL)
25521,http://scottishparliament.thirdlight.com/file/35783689308,© Scottish Parliament (SPCL)
25522,http://scottishparliament.thirdlight.com/file/77896367428,© Scottish Parliament (SPCL)
25523,http://scottishparliament.thirdlight.com/file/77896393249,© Scottish Parliament (SPCL)
25524,http://scottishparliament.thirdlight.com/file/51788159101,© Scottish Parliament (SPCL)
25525,http://scottishparliament.thirdlight.com/file/77896350999,© Scottish Parliament (SPCL)
25527,http://scottishparliament.thirdlight.com/file/35783688223,© Scottish Parliament (SPCL)
25529,http://scottishparliament.thirdlight.com/file/77896388743,© Scottish Parliament (SPCL)
25530,http://scottishparliament.thirdlight.com/file/77896426501,© Scottish Parliament (SPCL)
25531,http://scottishparliament.thirdlight.com/file/35783687368,© Scottish Parliament (SPCL)
25535,http://scottishparliament.thirdlight.com/file/35783686696,© Scottish Parliament (SPCL)
25536,http://scottishparliament.thirdlight.com/file/77896380746,© Scottish Parliament (SPCL)
25538,http://scottishparliament.thirdlight.com/file/77896365975,© Scottish Parliament (SPCL)
25540,http://scottishparliament.thirdlight.com/file/35783691275,© Scottish Parliament (SPCL)
25542,http://scottishparliament.thirdlight.com/file/35783686421,© Scottish Parliament (SPCL)
25543,http://scottishparliament.thirdlight.com/file/35783688325,© Scottish Parliament (SPCL)
25639,http://scottishparliament.thirdlight.com/file/67370750539,© Scottish Parliament (SPCL)
25651,http://scottishparliament.thirdlight.com/file/77896402527,© Scottish Parliament (SPCL)
25696,http://scottishparliament.thirdlight.com/file/67355682885,© Scottish Parliament (SPCL)
25715,http://scottishparliament.thirdlight.com/file/44183378552,© Scottish Parliament (SPCL)
25775,http://scottishparliament.thirdlight.com/file/56730435752,© Scottish Parliament (SPCL)
25985,http://scottishparliament.thirdlight.com/file/67370593660,© Scottish Parliament (SPCL)
25986,http://scottishparliament.thirdlight.com/file/67374112656,© Scottish Parliament (SPCL)
25987,http://scottishparliament.thirdlight.com/file/77896422841,© Scottish Parliament (SPCL)
25988,http://scottishparliament.thirdlight.com/file/77896354785,© Scottish Parliament (SPCL)
25989,http://scottishparliament.thirdlight.com/file/67374113466,© Scottish Parliament (SPCL)
25990,http://scottishparliament.thirdlight.com/file/77896369686,© Scottish Parliament (SPCL)
25991,http://scottishparliament.thirdlight.com/file/77896377628,© Scottish Parliament (SPCL)
25992,http://scottishparliament.thirdlight.com/file/67370749816,© Scottish Parliament (SPCL)
25993,http://scottishparliament.thirdlight.com/file/67370749352,© Scottish Parliament (SPCL)
25994,http://scottishparliament.thirdlight.com/file/67374112119,© Scottish Parliament (SPCL)
25995,http://scottishparliament.thirdlight.com/file/77896345393,© Scottish Parliament (SPCL)
25996,http://scottishparliament.thirdlight.com/file/77896399187,© Scottish Parliament (SPCL)
25997,http://scottishparliament.thirdlight.com/file/67651906155,© Scottish Parliament (SPCL)
25998,http://scottishparliament.thirdlight.com/file/67354171305,© Scottish Parliament (SPCL)
25999,http://scottishparliament.thirdlight.com/file/67374112946,© Scottish Parliament (SPCL)
26000,http://scottishparliament.thirdlight.com/file/67370593643,© Scottish Parliament (SPCL)
26001,http://scottishparliament.thirdlight.com/file/77896419629,© Scottish Parliament (SPCL)
26002,http://scottishparliament.thirdlight.com/file/67355682236,© Scottish Parliament (SPCL)
26003,http://scottishparliament.thirdlight.com/file/67370593194,© Scottish Parliament (SPCL)
26004,http://scottishparliament.thirdlight.com/file/67355780519,© Scottish Parliament (SPCL)
26005,http://scottishparliament.thirdlight.com/file/77896330533,© Scottish Parliament (SPCL)
26006,http://scottishparliament.thirdlight.com/file/67354171544,© Scottish Parliament (SPCL)
26007,http://scottishparliament.thirdlight.com/file/67374111660,© Scottish Parliament (SPCL)
26008,http://scottishparliament.thirdlight.com/file/67371828940,© Scottish Parliament (SPCL)
26009,http://scottishparliament.thirdlight.com/file/79864257402,© Scottish Parliament (SPCL)
26010,http://scottishparliament.thirdlight.com/file/67354171896,© Scottish Parliament (SPCL)
26011,http://scottishparliament.thirdlight.com/file/67370593628,© Scottish Parliament (SPCL)
26012,http://scottishparliament.thirdlight.com/file/67354170146,© Scottish Parliament (SPCL)
26013,http://scottishparliament.thirdlight.com/file/77896341607,© Scottish Parliament (SPCL)
26014,http://scottishparliament.thirdlight.com/file/79747047583,© Scottish Parliament (SPCL)
26015,http://scottishparliament.thirdlight.com/file/77896406313,© Scottish Parliament (SPCL)
26016,http://scottishparliament.thirdlight.com/file/67371827963,© Scottish Parliament (SPCL)
26017,http://scottishparliament.thirdlight.com/file/77896418161,© Scottish Parliament (SPCL)
26018,http://scottishparliament.thirdlight.com/file/67374111581,© Scottish Parliament (SPCL)
26019,http://scottishparliament.thirdlight.com/file/77896412932,© Scottish Parliament (SPCL)
26091,http://scottishparliament.thirdlight.com/file/75959091720,© Scottish Parliament (SPCL)
26290,http://scottishparliament.thirdlight.com/file/84910260837,© Scottish Parliament (SPCL)
10581,http://scottishparliament.thirdlight.com/file/35943496226,© Scottish Parliament (SPCL)
11189,http://scottishparliament.thirdlight.com/file/67354912111,© Scottish Parliament (SPCL)
11963,http://scottishparliament.thirdlight.com/file/67978159883,© Scottish Parliament (SPCL)
13947,http://scottishparliament.thirdlight.com/file/77896404998,© Scottish Parliament (SPCL)
13949,http://scottishparliament.thirdlight.com/file/35855660953,© Scottish Parliament (SPCL)
13951,http://scottishparliament.thirdlight.com/file/49246913874,© Scottish Parliament (SPCL)
13956,http://scottishparliament.thirdlight.com/file/56418919750,© Scottish Parliament (SPCL)
13961,http://scottishparliament.thirdlight.com/file/35960260789,© Scottish Parliament (SPCL)
13967,http://scottishparliament.thirdlight.com/file/77896356291,© Scottish Parliament (SPCL)
13968,http://scottishparliament.thirdlight.com/file/36076831535,© Scottish Parliament (SPCL)
13969,http://scottishparliament.thirdlight.com/file/79747041401,© Scottish Parliament (SPCL)
13977,http://scottishparliament.thirdlight.com/file/35820939764,© Scottish Parliament (SPCL)
13980,http://scottishparliament.thirdlight.com/file/35943512647,© Scottish Parliament (SPCL)
13987,http://scottishparliament.thirdlight.com/file/35800493586,© Scottish Parliament (SPCL)
13991,http://scottishparliament.thirdlight.com/file/35800892126,© Scottish Parliament (SPCL)
13994,http://scottishparliament.thirdlight.com/file/77896331574,© Scottish Parliament (SPCL)
14000,http://scottishparliament.thirdlight.com/file/77896344334,© Scottish Parliament (SPCL)
14001,http://scottishparliament.thirdlight.com/file/41869411513,© Scottish Parliament (SPCL)
14006,http://scottishparliament.thirdlight.com/file/35783690519,© Scottish Parliament (SPCL)
14009,http://scottishparliament.thirdlight.com/file/35820938486 ,© Scottish Parliament (SPCL)
14012,http://scottishparliament.thirdlight.com/file/77896366848,© Scottish Parliament (SPCL)
14024,http://scottishparliament.thirdlight.com/file/77896361826,© Scottish Parliament (SPCL)
14029,http://scottishparliament.thirdlight.com/file/9853506741,© Scottish Parliament (SPCL)
14043,http://scottishparliament.thirdlight.com/file/35855660631,© Scottish Parliament (SPCL)
14046,http://scottishparliament.thirdlight.com/file/35855661618,© Scottish Parliament (SPCL)
14060,http://scottishparliament.thirdlight.com/file/82285442488,© Scottish Parliament (SPCL)
14062,http://scottishparliament.thirdlight.com/file/35960261831,© Scottish Parliament (SPCL)
14085,http://scottishparliament.thirdlight.com/file/35820938944,© Scottish Parliament (SPCL)
14088,http://scottishparliament.thirdlight.com/file/35781781662,© Scottish Parliament (SPCL)
14096,http://scottishparliament.thirdlight.com/file/35818225410,© Scottish Parliament (SPCL)
14100,http://scottishparliament.thirdlight.com/file/35783690940,© Scottish Parliament (SPCL)
14105,http://scottishparliament.thirdlight.com/file/9853640645,© Scottish Parliament (SPCL)
24738,http://scottishparliament.thirdlight.com/file/74284895771,© Scottish Parliament (SPCL)
25072,http://scottishparliament.thirdlight.com/file/35820937738,© Scottish Parliament (SPCL)
25073,http://scottishparliament.thirdlight.com/file/77896326326,© Scottish Parliament (SPCL)
25074,http://scottishparliament.thirdlight.com/file/77896373310,© Scottish Parliament (SPCL)
25076,http://scottishparliament.thirdlight.com/file/73940024512,© Scottish Parliament (SPCL)
25081,http://scottishparliament.thirdlight.com/file/77896376517,© Scottish Parliament (SPCL)
25082,http://scottishparliament.thirdlight.com/file/35942003780,© Scottish Parliament (SPCL)
25085,http://scottishparliament.thirdlight.com/file/77896407998,© Scottish Parliament (SPCL)
25089,http://scottishparliament.thirdlight.com/file/35855660595,© Scottish Parliament (SPCL)
25091,http://scottishparliament.thirdlight.com/file/73436831194,© Scottish Parliament (SPCL)
25095,http://scottishparliament.thirdlight.com/file/77896425314,© Scottish Parliament (SPCL)
25101,http://scottishparliament.thirdlight.com/file/77896328260,© Scottish Parliament (SPCL)
25111,http://scottishparliament.thirdlight.com/file/77896391695,© Scottish Parliament (SPCL)
25114,http://scottishparliament.thirdlight.com/file/35818497490,© Scottish Parliament (SPCL)
25115,http://scottishparliament.thirdlight.com/file/35800414488,© Scottish Parliament (SPCL)
25119,http://scottishparliament.thirdlight.com/file/35922512428 ,© Scottish Parliament (SPCL)
25218,http://scottishparliament.thirdlight.com/file/77896370137,© Scottish Parliament (SPCL)
25293,http://scottishparliament.thirdlight.com/file/67354928689,© Scottish Parliament (SPCL)
25352,http://scottishparliament.thirdlight.com/file/79622724510,© Scottish Parliament (SPCL)
25491,http://scottishparliament.thirdlight.com/file/35783688599,© Scottish Parliament (SPCL)
25492,http://scottishparliament.thirdlight.com/file/77896338928,© Scottish Parliament (SPCL)
25494,http://scottishparliament.thirdlight.com/file/77896363883,© Scottish Parliament (SPCL)
25495,http://scottishparliament.thirdlight.com/file/77896384768,© Scottish Parliament (SPCL)
25497,http://scottishparliament.thirdlight.com/file/77896390475,© Scottish Parliament (SPCL)
25500,http://scottishparliament.thirdlight.com/file/35781571595,© Scottish Parliament (SPCL)
25502,http://scottishparliament.thirdlight.com/file/91584144190,© Scottish Parliament (SPCL)
25503,http://scottishparliament.thirdlight.com/file/35921454674,© Scottish Parliament (SPCL)
25504,http://scottishparliament.thirdlight.com/file/35942002221,© Scottish Parliament (SPCL)
25506,https://scottishparliament.thirdlight.com/file/37911815221,© Scottish Parliament (SPCL)
25507,http://scottishparliament.thirdlight.com/file/35783687661,© Scottish Parliament (SPCL)
25508,http://scottishparliament.thirdlight.com/file/35681770981,© Scottish Parliament (SPCL)
25509,http://scottishparliament.thirdlight.com/file/35783687836,© Scottish Parliament (SPCL)
25510,http://scottishparliament.thirdlight.com/file/77896339432,© Scottish Parliament (SPCL)
25511,http://scottishparliament.thirdlight.com/file/76615399862,© Scottish Parliament (SPCL)
25513,http://scottishparliament.thirdlight.com/file/77896340601,© Scottish Parliament (SPCL)
25514,http://scottishparliament.thirdlight.com/file/35820937956,© Scottish Parliament (SPCL)
25515,http://scottishparliament.thirdlight.com/file/35783687854,© Scottish Parliament (SPCL)
25516,http://scottishparliament.thirdlight.com/file/77896391689,© Scottish Parliament (SPCL)
25517,http://scottishparliament.thirdlight.com/file/35942063441,© Scottish Parliament (SPCL)
25521,http://scottishparliament.thirdlight.com/file/35783689308,© Scottish Parliament (SPCL)
25522,http://scottishparliament.thirdlight.com/file/77896367428,© Scottish Parliament (SPCL)
25523,http://scottishparliament.thirdlight.com/file/77896393249,© Scottish Parliament (SPCL)
25524,http://scottishparliament.thirdlight.com/file/51788159101,© Scottish Parliament (SPCL)
25525,http://scottishparliament.thirdlight.com/file/77896350999,© Scottish Parliament (SPCL)
25527,http://scottishparliament.thirdlight.com/file/35783688223,© Scottish Parliament (SPCL)
25529,http://scottishparliament.thirdlight.com/file/77896388743,© Scottish Parliament (SPCL)
25530,http://scottishparliament.thirdlight.com/file/77896426501,© Scottish Parliament (SPCL)
25531,http://scottishparliament.thirdlight.com/file/35783687368,© Scottish Parliament (SPCL)
25535,http://scottishparliament.thirdlight.com/file/35783686696,© Scottish Parliament (SPCL)
25536,http://scottishparliament.thirdlight.com/file/77896380746,© Scottish Parliament (SPCL)
25538,http://scottishparliament.thirdlight.com/file/77896365975,© Scottish Parliament (SPCL)
25540,http://scottishparliament.thirdlight.com/file/35783691275,© Scottish Parliament (SPCL)
25542,http://scottishparliament.thirdlight.com/file/35783686421,© Scottish Parliament (SPCL)
25543,http://scottishparliament.thirdlight.com/file/35783688325,© Scottish Parliament (SPCL)
25639,http://scottishparliament.thirdlight.com/file/67370750539,© Scottish Parliament (SPCL)
25651,http://scottishparliament.thirdlight.com/file/77896402527,© Scottish Parliament (SPCL)
25696,http://scottishparliament.thirdlight.com/file/67355682885,© Scottish Parliament (SPCL)
25715,http://scottishparliament.thirdlight.com/file/44183378552,© Scottish Parliament (SPCL)
25775,http://scottishparliament.thirdlight.com/file/56730435752,© Scottish Parliament (SPCL)
25985,http://scottishparliament.thirdlight.com/file/67370593660,© Scottish Parliament (SPCL)
25986,http://scottishparliament.thirdlight.com/file/67374112656,© Scottish Parliament (SPCL)
25987,http://scottishparliament.thirdlight.com/file/77896422841,© Scottish Parliament (SPCL)
25988,http://scottishparliament.thirdlight.com/file/77896354785,© Scottish Parliament (SPCL)
25989,http://scottishparliament.thirdlight.com/file/67374113466,© Scottish Parliament (SPCL)
25990,http://scottishparliament.thirdlight.com/file/77896369686,© Scottish Parliament (SPCL)
25991,http://scottishparliament.thirdlight.com/file/77896377628,© Scottish Parliament (SPCL)
25992,http://scottishparliament.thirdlight.com/file/67370749816,© Scottish Parliament (SPCL)
25993,http://scottishparliament.thirdlight.com/file/67370749352,© Scottish Parliament (SPCL)
25994,http://scottishparliament.thirdlight.com/file/67374112119,© Scottish Parliament (SPCL)
25995,http://scottishparliament.thirdlight.com/file/77896345393,© Scottish Parliament (SPCL)
25996,http://scottishparliament.thirdlight.com/file/77896399187,© Scottish Parliament (SPCL)
25997,http://scottishparliament.thirdlight.com/file/67651906155,© Scottish Parliament (SPCL)
25998,http://scottishparliament.thirdlight.com/file/67354171305,© Scottish Parliament (SPCL)
25999,http://scottishparliament.thirdlight.com/file/67374112946,© Scottish Parliament (SPCL)
26000,http://scottishparliament.thirdlight.com/file/67370593643,© Scottish Parliament (SPCL)
26001,http://scottishparliament.thirdlight.com/file/77896419629,© Scottish Parliament (SPCL)
26002,http://scottishparliament.thirdlight.com/file/67355682236,© Scottish Parliament (SPCL)
26003,http://scottishparliament.thirdlight.com/file/67370593194,© Scottish Parliament (SPCL)
26004,http://scottishparliament.thirdlight.com/file/67355780519,© Scottish Parliament (SPCL)
26005,http://scottishparliament.thirdlight.com/file/77896330533,© Scottish Parliament (SPCL)
26006,http://scottishparliament.thirdlight.com/file/67354171544,© Scottish Parliament (SPCL)
26007,http://scottishparliament.thirdlight.com/file/67374111660,© Scottish Parliament (SPCL)
26008,http://scottishparliament.thirdlight.com/file/67371828940,© Scottish Parliament (SPCL)
26009,http://scottishparliament.thirdlight.com/file/79864257402,© Scottish Parliament (SPCL)
26010,http://scottishparliament.thirdlight.com/file/67354171896,© Scottish Parliament (SPCL)
26011,http://scottishparliament.thirdlight.com/file/67370593628,© Scottish Parliament (SPCL)
26012,http://scottishparliament.thirdlight.com/file/67354170146,© Scottish Parliament (SPCL)
26013,http://scottishparliament.thirdlight.com/file/77896341607,© Scottish Parliament (SPCL)
26014,http://scottishparliament.thirdlight.com/file/79747047583,© Scottish Parliament (SPCL)
26015,http://scottishparliament.thirdlight.com/file/77896406313,© Scottish Parliament (SPCL)
26016,http://scottishparliament.thirdlight.com/file/67371827963,© Scottish Parliament (SPCL)
26017,http://scottishparliament.thirdlight.com/file/77896418161,© Scottish Parliament (SPCL)
26018,http://scottishparliament.thirdlight.com/file/67374111581,© Scottish Parliament (SPCL)
26019,http://scottishparliament.thirdlight.com/file/77896412932,© Scottish Parliament (SPCL)
26091,http://scottishparliament.thirdlight.com/file/75959091720,© Scottish Parliament (SPCL)
26290,http://scottishparliament.thirdlight.com/file/84910260837,© Scottish Parliament (SPCL)
